keys,en

NAME_FORMAT,{given} {surname}

NAME_SURNAME_COUNT,150
NAME_MALE_COUNT,100
NAME_FEMALE_COUNT,100

NAME_SURNAME_0,Adams
NAME_SURNAME_1,Anderson
NAME_SURNAME_2,Archer
NAME_SURNAME_3,Armstrong
NAME_SURNAME_4,Avery
NAME_SURNAME_5,Bailey
NAME_SURNAME_6,Baker
NAME_SURNAME_7,Bennett
NAME_SURNAME_8,Bishop
NAME_SURNAME_9,Black
NAME_SURNAME_10,Bradley
NAME_SURNAME_11,Brooks
NAME_SURNAME_12,Brown
NAME_SURNAME_13,Campbell
NAME_SURNAME_14,Carson
NAME_SURNAME_15,Carter
NAME_SURNAME_16,Chapman
NAME_SURNAME_17,Clark
NAME_SURNAME_18,Collins
NAME_SURNAME_19,Cooper
NAME_SURNAME_20,Dalton
NAME_SURNAME_21,Daniels
NAME_SURNAME_22,Davis
NAME_SURNAME_23,Dawson
NAME_SURNAME_24,Dean
NAME_SURNAME_25,Donovan
NAME_SURNAME_26,Drake
NAME_SURNAME_27,Duncan
NAME_SURNAME_28,Edwards
NAME_SURNAME_29,Ellis
NAME_SURNAME_30,Evans
NAME_SURNAME_31,Everett
NAME_SURNAME_32,Fisher
NAME_SURNAME_33,Fletcher
NAME_SURNAME_34,Ford
NAME_SURNAME_35,Foster
NAME_SURNAME_36,Franklin
NAME_SURNAME_37,Freeman
NAME_SURNAME_38,Gardner
NAME_SURNAME_39,Garrett
NAME_SURNAME_40,Gibson
NAME_SURNAME_41,Graham
NAME_SURNAME_42,Graves
NAME_SURNAME_43,Gray
NAME_SURNAME_44,Green
NAME_SURNAME_45,Griffin
NAME_SURNAME_46,Hall
NAME_SURNAME_47,Hamilton
NAME_SURNAME_48,Harris
NAME_SURNAME_49,Harrison
NAME_SURNAME_50,Hart
NAME_SURNAME_51,Hayes
NAME_SURNAME_52,Henderson
NAME_SURNAME_53,Hill
NAME_SURNAME_54,Holmes
NAME_SURNAME_55,Hunter
NAME_SURNAME_56,Ingram
NAME_SURNAME_57,Jackson
NAME_SURNAME_58,Jacobs
NAME_SURNAME_59,Jenkins
NAME_SURNAME_60,Johnson
NAME_SURNAME_61,Jones
NAME_SURNAME_62,Kane
NAME_SURNAME_63,Keller
NAME_SURNAME_64,Kelly
NAME_SURNAME_65,King
NAME_SURNAME_66,Knight
NAME_SURNAME_67,Lane
NAME_SURNAME_68,Lawrence
NAME_SURNAME_69,Lawson
NAME_SURNAME_70,Lee
NAME_SURNAME_71,Lewis
NAME_SURNAME_72,Long
NAME_SURNAME_73,Marshall
NAME_SURNAME_74,Martin
NAME_SURNAME_75,Mason
NAME_SURNAME_76,Matthews
NAME_SURNAME_77,Maxwell
NAME_SURNAME_78,McCarthy
NAME_SURNAME_79,McKenzie
NAME_SURNAME_80,Miller
NAME_SURNAME_81,Mitchell
NAME_SURNAME_82,Moore
NAME_SURNAME_83,Morgan
NAME_SURNAME_84,Murphy
NAME_SURNAME_85,Nelson
NAME_SURNAME_86,Newton
NAME_SURNAME_87,Nichols
NAME_SURNAME_88,Norris
NAME_SURNAME_89,Olsen
NAME_SURNAME_90,Ortega
NAME_SURNAME_91,Palmer
NAME_SURNAME_92,Parker
NAME_SURNAME_93,Patterson
NAME_SURNAME_94,Payne
NAME_SURNAME_95,Pearson
NAME_SURNAME_96,Perry
NAME_SURNAME_97,Peterson
NAME_SURNAME_98,Phillips
NAME_SURNAME_99,Pierce
NAME_SURNAME_100,Porter
NAME_SURNAME_101,Powell
NAME_SURNAME_102,Price
NAME_SURNAME_103,Quinn
NAME_SURNAME_104,Ramsey
NAME_SURNAME_105,Reed
NAME_SURNAME_106,Reid
NAME_SURNAME_107,Reynolds
NAME_SURNAME_108,Rhodes
NAME_SURNAME_109,Rice
NAME_SURNAME_110,Richardson
NAME_SURNAME_111,Rivers
NAME_SURNAME_112,Roberts
NAME_SURNAME_113,Robinson
NAME_SURNAME_114,Rogers
NAME_SURNAME_115,Ross
NAME_SURNAME_116,Russell
NAME_SURNAME_117,Ryder
NAME_SURNAME_118,Sanders
NAME_SURNAME_119,Scott
NAME_SURNAME_120,Shaw
NAME_SURNAME_121,Shepard
NAME_SURNAME_122,Simmons
NAME_SURNAME_123,Sinclair
NAME_SURNAME_124,Smith
NAME_SURNAME_125,Sterling
NAME_SURNAME_126,Stone
NAME_SURNAME_127,Sullivan
NAME_SURNAME_128,Taylor
NAME_SURNAME_129,Thomas
NAME_SURNAME_130,Thompson
NAME_SURNAME_131,Turner
NAME_SURNAME_132,Underwood
NAME_SURNAME_133,Valentine
NAME_SURNAME_134,Vaughn
NAME_SURNAME_135,Walker
NAME_SURNAME_136,Wallace
NAME_SURNAME_137,Walsh
NAME_SURNAME_138,Warren
NAME_SURNAME_139,Watson
NAME_SURNAME_140,Wells
NAME_SURNAME_141,West
NAME_SURNAME_142,White
NAME_SURNAME_143,Williams
NAME_SURNAME_144,Wilson
NAME_SURNAME_145,Winters
NAME_SURNAME_146,Wright
NAME_SURNAME_147,Yates
NAME_SURNAME_148,Young
NAME_SURNAME_149,Zimmerman

NAME_MALE_0,Aaron
NAME_MALE_1,Adam
NAME_MALE_2,Adrian
NAME_MALE_3,Aiden
NAME_MALE_4,Alec
NAME_MALE_5,Alexander
NAME_MALE_6,Andrew
NAME_MALE_7,Anthony
NAME_MALE_8,Arthur
NAME_MALE_9,Austin
NAME_MALE_10,Benjamin
NAME_MALE_11,Blake
NAME_MALE_12,Brandon
NAME_MALE_13,Brian
NAME_MALE_14,Caleb
NAME_MALE_15,Cameron
NAME_MALE_16,Carter
NAME_MALE_17,Charles
NAME_MALE_18,Charlie
NAME_MALE_19,Christian
NAME_MALE_20,Christopher
NAME_MALE_21,Cole
NAME_MALE_22,Colin
NAME_MALE_23,Connor
NAME_MALE_24,Damien
NAME_MALE_25,Damon
NAME_MALE_26,Daniel
NAME_MALE_27,Darren
NAME_MALE_28,David
NAME_MALE_29,Declan
NAME_MALE_30,Derek
NAME_MALE_31,Dominic
NAME_MALE_32,Dylan
NAME_MALE_33,Edward
NAME_MALE_34,Elias
NAME_MALE_35,Elijah
NAME_MALE_36,Elliot
NAME_MALE_37,Eric
NAME_MALE_38,Ethan
NAME_MALE_39,Evan
NAME_MALE_40,Felix
NAME_MALE_41,Finn
NAME_MALE_42,Gabriel
NAME_MALE_43,Gavin
NAME_MALE_44,George
NAME_MALE_45,Grant
NAME_MALE_46,Grayson
NAME_MALE_47,Henry
NAME_MALE_48,Ian
NAME_MALE_49,Isaac
NAME_MALE_50,Jack
NAME_MALE_51,Jackson
NAME_MALE_52,Jacob
NAME_MALE_53,James
NAME_MALE_54,Jason
NAME_MALE_55,Jasper
NAME_MALE_56,Julian
NAME_MALE_57,Justin
NAME_MALE_58,Kai
NAME_MALE_59,Kevin
NAME_MALE_60,Leon
NAME_MALE_61,Liam
NAME_MALE_62,Logan
NAME_MALE_63,Lucas
NAME_MALE_64,Luke
NAME_MALE_65,Marcus
NAME_MALE_66,Mason
NAME_MALE_67,Matthew
NAME_MALE_68,Max
NAME_MALE_69,Michael
NAME_MALE_70,Miles
NAME_MALE_71,Nathan
NAME_MALE_72,Nathaniel
NAME_MALE_73,Nicholas
NAME_MALE_74,Noah
NAME_MALE_75,Nolan
NAME_MALE_76,Oliver
NAME_MALE_77,Owen
NAME_MALE_78,Patrick
NAME_MALE_79,Peter
NAME_MALE_80,Philip
NAME_MALE_81,Roman
NAME_MALE_82,Rowan
NAME_MALE_83,Ryan
NAME_MALE_84,Samuel
NAME_MALE_85,Sebastian
NAME_MALE_86,Silas
NAME_MALE_87,Simon
NAME_MALE_88,Spencer
NAME_MALE_89,Theodore
NAME_MALE_90,Thomas
NAME_MALE_91,Tristan
NAME_MALE_92,Tyler
NAME_MALE_93,Victor
NAME_MALE_94,Vincent
NAME_MALE_95,Wesley
NAME_MALE_96,William
NAME_MALE_97,Wyatt
NAME_MALE_98,Xavier
NAME_MALE_99,Zachary

NAME_FEMALE_0,Abigail
NAME_FEMALE_1,Alice
NAME_FEMALE_2,Allison
NAME_FEMALE_3,Amelia
NAME_FEMALE_4,Anna
NAME_FEMALE_5,Ariana
NAME_FEMALE_6,Audrey
NAME_FEMALE_7,Aurora
NAME_FEMALE_8,Ava
NAME_FEMALE_9,Beatrice
NAME_FEMALE_10,Bella
NAME_FEMALE_11,Bethany
NAME_FEMALE_12,Brianna
NAME_FEMALE_13,Brooke
NAME_FEMALE_14,Caroline
NAME_FEMALE_15,Catherine
NAME_FEMALE_16,Charlotte
NAME_FEMALE_17,Chloe
NAME_FEMALE_18,Claire
NAME_FEMALE_19,Clara
NAME_FEMALE_20,Claudia
NAME_FEMALE_21,Daisy
NAME_FEMALE_22,Danielle
NAME_FEMALE_23,Delilah
NAME_FEMALE_24,Elena
NAME_FEMALE_25,Eliza
NAME_FEMALE_26,Elizabeth
NAME_FEMALE_27,Ella
NAME_FEMALE_28,Ellie
NAME_FEMALE_29,Eloise
NAME_FEMALE_30,Emily
NAME_FEMALE_31,Emma
NAME_FEMALE_32,Erica
NAME_FEMALE_33,Eva
NAME_FEMALE_34,Evelyn
NAME_FEMALE_35,Faith
NAME_FEMALE_36,Fiona
NAME_FEMALE_37,Gabriella
NAME_FEMALE_38,Grace
NAME_FEMALE_39,Hailey
NAME_FEMALE_40,Hannah
NAME_FEMALE_41,Harper
NAME_FEMALE_42,Hazel
NAME_FEMALE_43,Heather
NAME_FEMALE_44,Isabelle
NAME_FEMALE_45,Ivy
NAME_FEMALE_46,Jade
NAME_FEMALE_47,Jasmine
NAME_FEMALE_48,Jenna
NAME_FEMALE_49,Jennifer
NAME_FEMALE_50,Jessica
NAME_FEMALE_51,Joanna
NAME_FEMALE_52,Josephine
NAME_FEMALE_53,Julia
NAME_FEMALE_54,Juliana
NAME_FEMALE_55,Kaitlyn
NAME_FEMALE_56,Katherine
NAME_FEMALE_57,Kayla
NAME_FEMALE_58,Kelsey
NAME_FEMALE_59,Kennedy
NAME_FEMALE_60,Lauren
NAME_FEMALE_61,Layla
NAME_FEMALE_62,Leah
NAME_FEMALE_63,Lillian
NAME_FEMALE_64,Lily
NAME_FEMALE_65,Lucy
NAME_FEMALE_66,Lydia
NAME_FEMALE_67,Madeline
NAME_FEMALE_68,Madison
NAME_FEMALE_69,Maya
NAME_FEMALE_70,Megan
NAME_FEMALE_71,Melanie
NAME_FEMALE_72,Mia
NAME_FEMALE_73,Michelle
NAME_FEMALE_74,Naomi
NAME_FEMALE_75,Natalie
NAME_FEMALE_76,Nicole
NAME_FEMALE_77,Nora
NAME_FEMALE_78,Olivia
NAME_FEMALE_79,Paige
NAME_FEMALE_80,Penelope
NAME_FEMALE_81,Piper
NAME_FEMALE_82,Rachel
NAME_FEMALE_83,Rebecca
NAME_FEMALE_84,Riley
NAME_FEMALE_85,Rose
NAME_FEMALE_86,Ruby
NAME_FEMALE_87,Samantha
NAME_FEMALE_88,Sarah
NAME_FEMALE_89,Savannah
NAME_FEMALE_90,Scarlett
NAME_FEMALE_91,Selena
NAME_FEMALE_92,Sophia
NAME_FEMALE_93,Stella
NAME_FEMALE_94,Summer
NAME_FEMALE_95,Taylor
NAME_FEMALE_96,Valerie
NAME_FEMALE_97,Vanessa
NAME_FEMALE_98,Victoria
NAME_FEMALE_99,Violet
